file_name,size
1111.jpg,32203
1112.jpg,32204
1113.jpg,32205
1114.jpg,32206
1115.jpg,32207
1116.jpg,32208
1117.jpg,32209
1118.jpg,32210
1119.jpg,32211
1120.jpg,32212
1121.jpg,32213
1122.jpg,32214
1123.jpg,32215
1124.jpg,32216
1125.jpg,32217
1126.jpg,32218
1127.jpg,32219
1128.jpg,32220
1129.jpg,32221
1130.jpg,32222
1131.jpg,32223
1132.jpg,32224
1133.jpg,32225
1134.jpg,32226
1135.jpg,32227
1136.jpg,32228
1137.jpg,32229
1138.jpg,32230
1139.jpg,32231
1140.jpg,32232
1141.jpg,32233
1142.jpg,32234
1143.jpg,32235
1144.jpg,32236
1145.jpg,32237
1146.jpg,32238
1147.jpg,32239
1148.jpg,32240
1149.jpg,32241
1150.jpg,32242
1151.jpg,32243
1152.jpg,32244
1153.jpg,32245
1154.jpg,32246
1155.jpg,32247
1156.jpg,32248
1157.jpg,32249
1158.jpg,32250
1159.jpg,32251
1160.jpg,32252
1161.jpg,32253
1162.jpg,32254
1163.jpg,32255
1164.jpg,32256
1165.jpg,32257
1166.jpg,32258
1167.jpg,32259
1168.jpg,32260
1169.jpg,32261
1170.jpg,32262
1171.jpg,32263
1172.jpg,32264
1173.jpg,32265
1174.jpg,32266
1175.jpg,32267
1176.jpg,32268
1177.jpg,32269
1178.jpg,32270
1179.jpg,32271
1180.jpg,32272
1181.jpg,32273
1182.jpg,32274
1183.jpg,32275
1184.jpg,32276
1185.jpg,32277
1186.jpg,32278
1187.jpg,32279
1188.jpg,32280
1189.jpg,32281
1190.jpg,32282
1191.jpg,32283
1192.jpg,32284
1193.jpg,32285
1194.jpg,32286
1195.jpg,32287
1196.jpg,32288
1197.jpg,32289
1198.jpg,32290
1199.jpg,32291
1200.jpg,32292
1201.jpg,32293
1202.jpg,32294
1203.jpg,32295
1204.jpg,32296
1205.jpg,32297
1206.jpg,32298
1207.jpg,32299
1208.jpg,32300
1209.jpg,32301
1210.jpg,32302
1211.jpg,32303
1212.jpg,32304
1213.jpg,32305
1214.jpg,32306
1215.jpg,32307
1216.jpg,32308
1217.jpg,32309
1218.jpg,32310
1219.jpg,32311
1220.jpg,32312
1221.jpg,32313
1222.jpg,32314
1223.jpg,32315
1224.jpg,32316
1225.jpg,32317
1226.jpg,32318
1227.jpg,32319
1228.jpg,32320
1229.jpg,32321
1230.jpg,32322
1231.jpg,32323
1232.jpg,32324
1233.jpg,32325
1234.jpg,32326
1235.jpg,32327
1236.jpg,32328
1237.jpg,32329
1238.jpg,32330
1239.jpg,32331
1240.jpg,32332
1241.jpg,32333
1242.jpg,32334
1243.jpg,32335
1244.jpg,32336
1245.jpg,32337
1246.jpg,32338
1247.jpg,32339
1248.jpg,32340
1249.jpg,32341
1250.jpg,32342
1251.jpg,32343
1252.jpg,32344
1253.jpg,32345
1254.jpg,32346
1255.jpg,32347
1256.jpg,32348
1257.jpg,32349
1258.jpg,32350
1259.jpg,32351
1260.jpg,32352
1261.jpg,32353
1262.jpg,32354
1263.jpg,32355
1264.jpg,32356
1265.jpg,32357
1266.jpg,32358
1267.jpg,32359
1268.jpg,32360
1269.jpg,32361
1270.jpg,32362
1271.jpg,32363
1272.jpg,32364
1273.jpg,32365
1274.jpg,32366
1275.jpg,32367
1276.jpg,32368
1277.jpg,32369
1278.jpg,32370
1279.jpg,32371
1280.jpg,32372
1281.jpg,32373
1282.jpg,32374
1283.jpg,32375
1284.jpg,32376
1285.jpg,32377
1286.jpg,32378
1287.jpg,32379
1288.jpg,32380
1289.jpg,32381
1290.jpg,32382
1291.jpg,32383
1292.jpg,32384
1293.jpg,32385
1294.jpg,32386
1295.jpg,32387
1296.jpg,32388
1297.jpg,32389
1298.jpg,32390
1299.jpg,32391
1300.jpg,32392
1301.jpg,32393
1302.jpg,32394
1303.jpg,32395
1304.jpg,32396
1305.jpg,32397
1306.jpg,32398
1307.jpg,32399
1308.jpg,32400
1309.jpg,32401
1310.jpg,32402
1311.jpg,32403
1312.jpg,32404
1313.jpg,32405
1314.jpg,32406
1315.jpg,32407
1316.jpg,32408
1317.jpg,32409
1318.jpg,32410
1319.jpg,32411
1320.jpg,32412
1321.jpg,32413
1322.jpg,32414
1323.jpg,32415
1324.jpg,32416
1325.jpg,32417
1326.jpg,32418
1327.jpg,32419
1328.jpg,32420
1329.jpg,32421
1330.jpg,32422
1331.jpg,32423
1332.jpg,32424
1333.jpg,32425
1334.jpg,32426
1335.jpg,32427
1336.jpg,32428
1337.jpg,32429
1338.jpg,32430
1339.jpg,32431
1340.jpg,32432
1341.jpg,32433
1342.jpg,32434
1343.jpg,32435
1344.jpg,32436
1345.jpg,32437
1346.jpg,32438
1347.jpg,32439
1348.jpg,32440
1349.jpg,32441
1350.jpg,32442
1351.jpg,32443
1352.jpg,32444
1353.jpg,32445
1354.jpg,32446
1355.jpg,32447
1356.jpg,32448
1357.jpg,32449
1358.jpg,32450
1359.jpg,32451
1360.jpg,32452
1361.jpg,32453
1362.jpg,32454
1363.jpg,32455
1364.jpg,32456
1365.jpg,32457
1366.jpg,32458
1367.jpg,32459
1368.jpg,32460
1369.jpg,32461
1370.jpg,32462
1371.jpg,32463
1372.jpg,32464
1373.jpg,32465
1374.jpg,32466
1375.jpg,32467
1376.jpg,32468
1377.jpg,32469
1378.jpg,32470
1379.jpg,32471
1380.jpg,32472
1381.jpg,32473
1382.jpg,32474
1383.jpg,32475
1384.jpg,32476
1385.jpg,32477
1386.jpg,32478
1387.jpg,32479
1388.jpg,32480
1389.jpg,32481
1390.jpg,32482
1391.jpg,32483
1392.jpg,32484
1393.jpg,32485
1394.jpg,32486
1395.jpg,32487
1396.jpg,32488
1397.jpg,32489
1398.jpg,32490
1399.jpg,32491
1400.jpg,32492
1401.jpg,32493
1402.jpg,32494
1403.jpg,32495
1404.jpg,32496
1405.jpg,32497
1406.jpg,32498
1407.jpg,32499
1408.jpg,32500
1409.jpg,32501
1410.jpg,32502
1411.jpg,32503
1412.jpg,32504
1413.jpg,32505
1414.jpg,32506
1415.jpg,32507
1416.jpg,32508
1417.jpg,32509
1418.jpg,32510
1419.jpg,32511
1420.jpg,32512
1421.jpg,32513
1422.jpg,32514
1423.jpg,32515
1424.jpg,32516
1425.jpg,32517
1426.jpg,32518
1427.jpg,32519
1428.jpg,32520
1429.jpg,32521
1430.jpg,32522
1431.jpg,32523
1432.jpg,32524
1433.jpg,32525
1434.jpg,32526
1435.jpg,32527
1436.jpg,32528
1437.jpg,32529
1438.jpg,32530
1439.jpg,32531
1440.jpg,32532
1441.jpg,32533
1442.jpg,32534
1443.jpg,32535
1444.jpg,32536
1445.jpg,32537
1446.jpg,32538
1447.jpg,32539
1448.jpg,32540
1449.jpg,32541
1450.jpg,32542
1451.jpg,32543
1452.jpg,32544
1453.jpg,32545
1454.jpg,32546
1455.jpg,32547
1456.jpg,32548
1457.jpg,32549
1458.jpg,32550
1459.jpg,32551
1460.jpg,32552
1461.jpg,32553
1462.jpg,32554
1463.jpg,32555
1464.jpg,32556
1465.jpg,32557
1466.jpg,32558
1467.jpg,32559
1468.jpg,32560
1469.jpg,32561
1470.jpg,32562
1471.jpg,32563
1472.jpg,32564
1473.jpg,32565
1474.jpg,32566
1475.jpg,32567
1476.jpg,32568
1477.jpg,32569
1478.jpg,32570
1479.jpg,32571
1480.jpg,32572
1481.jpg,32573
1482.jpg,32574
1483.jpg,32575
1484.jpg,32576
1485.jpg,32577
1486.jpg,32578
1487.jpg,32579
1488.jpg,32580
1489.jpg,32581
1490.jpg,32582
1491.jpg,32583
1492.jpg,32584
1493.jpg,32585
1494.jpg,32586
1495.jpg,32587
1496.jpg,32588
1497.jpg,32589
1498.jpg,32590
1499.jpg,32591
1500.jpg,32592
1501.jpg,32593
1502.jpg,32594
1503.jpg,32595
1504.jpg,32596
1505.jpg,32597
1506.jpg,32598
1507.jpg,32599
1508.jpg,32600
1509.jpg,32601
1510.jpg,32602
1511.jpg,32603
1512.jpg,32604
1513.jpg,32605
1514.jpg,32606
1515.jpg,32607
1516.jpg,32608
1517.jpg,32609
1518.jpg,32610
1519.jpg,32611
1520.jpg,32612
1521.jpg,32613
1522.jpg,32614
1523.jpg,32615
1524.jpg,32616
1525.jpg,32617
1526.jpg,32618
1527.jpg,32619
1528.jpg,32620
1529.jpg,32621
1530.jpg,32622
1531.jpg,32623
1532.jpg,32624
1533.jpg,32625
1534.jpg,32626
1535.jpg,32627
1536.jpg,32628
1537.jpg,32629
1538.jpg,32630
1539.jpg,32631
1540.jpg,32632
1541.jpg,32633
1542.jpg,32634
1543.jpg,32635
1544.jpg,32636
1545.jpg,32637
1546.jpg,32638
1547.jpg,32639
1548.jpg,32640
1549.jpg,32641
1550.jpg,32642
1551.jpg,32643
1552.jpg,32644
1553.jpg,32645
1554.jpg,32646
1555.jpg,32647
1556.jpg,32648
1557.jpg,32649
1558.jpg,32650
1559.jpg,32651
1560.jpg,32652
1561.jpg,32653
1562.jpg,32654
1563.jpg,32655
1564.jpg,32656
1565.jpg,32657
1566.jpg,32658
1567.jpg,32659
1568.jpg,32660
1569.jpg,32661
1570.jpg,32662
1571.jpg,32663
1572.jpg,32664
1573.jpg,32665
1574.jpg,32666
1575.jpg,32667
1576.jpg,32668
1577.jpg,32669
1578.jpg,32670
1579.jpg,32671
1580.jpg,32672
1581.jpg,32673
1582.jpg,32674
1583.jpg,32675
1584.jpg,32676
1585.jpg,32677
1586.jpg,32678
1587.jpg,32679
1588.jpg,32680
1589.jpg,32681
1590.jpg,32682
1591.jpg,32683
1592.jpg,32684
1593.jpg,32685
1594.jpg,32686
1595.jpg,32687
1596.jpg,32688
1597.jpg,32689
1598.jpg,32690
1599.jpg,32691
1600.jpg,32692
1601.jpg,32693
1602.jpg,32694
1603.jpg,32695
1604.jpg,32696
1605.jpg,32697
1606.jpg,32698
1607.jpg,32699
1608.jpg,32700
1609.jpg,32701
1610.jpg,32702
1611.jpg,32703
1612.jpg,32704
1613.jpg,32705
1614.jpg,32706
1615.jpg,32707
1616.jpg,32708
1617.jpg,32709
1618.jpg,32710
1619.jpg,32711
1620.jpg,32712
1621.jpg,32713
1622.jpg,32714
1623.jpg,32715
1624.jpg,32716
1625.jpg,32717
1626.jpg,32718
1627.jpg,32719
1628.jpg,32720
1629.jpg,32721
1630.jpg,32722
1631.jpg,32723
1632.jpg,32724
1633.jpg,32725
1634.jpg,32726
1635.jpg,32727
1636.jpg,32728
1637.jpg,32729
1638.jpg,32730
1639.jpg,32731
1640.jpg,32732
1641.jpg,32733
1642.jpg,32734
1643.jpg,32735
1644.jpg,32736
1645.jpg,32737
1646.jpg,32738
1647.jpg,32739
1648.jpg,32740
1649.jpg,32741
1650.jpg,32742
1651.jpg,32743
1652.jpg,32744
1653.jpg,32745
1654.jpg,32746
1655.jpg,32747
1656.jpg,32748
1657.jpg,32749
1658.jpg,32750
1659.jpg,32751
1660.jpg,32752
1661.jpg,32753
1662.jpg,32754
1663.jpg,32755
1664.jpg,32756
1665.jpg,32757
1666.jpg,32758
1667.jpg,32759
1668.jpg,32760
1669.jpg,32761
1670.jpg,32762
1671.jpg,32763
1672.jpg,32764
1673.jpg,32765
1674.jpg,32766
1675.jpg,32767
1676.jpg,32768
1677.jpg,32769
1678.jpg,32770
1679.jpg,32771
1680.jpg,32772
1681.jpg,32773
1682.jpg,32774
1683.jpg,32775
1684.jpg,32776
1685.jpg,32777
1686.jpg,32778
1687.jpg,32779
1688.jpg,32780
1689.jpg,32781
1690.jpg,32782
1691.jpg,32783
1692.jpg,32784
1693.jpg,32785
1694.jpg,32786
1695.jpg,32787
1696.jpg,32788
1697.jpg,32789
1698.jpg,32790
1699.jpg,32791
1700.jpg,32792
1701.jpg,32793
1702.jpg,32794
1703.jpg,32795
1704.jpg,32796
1705.jpg,32797
1706.jpg,32798
1707.jpg,32799
1708.jpg,32800
1709.jpg,32801
1710.jpg,32802
1711.jpg,32803
1712.jpg,32804
1713.jpg,32805
1714.jpg,32806
1715.jpg,32807
1716.jpg,32808
1717.jpg,32809
1718.jpg,32810
1719.jpg,32811
1720.jpg,32812
1721.jpg,32813
1722.jpg,32814
1723.jpg,32815
1724.jpg,32816
1725.jpg,32817
1726.jpg,32818
1727.jpg,32819
1728.jpg,32820
1729.jpg,32821
1730.jpg,32822
1731.jpg,32823
1732.jpg,32824
1733.jpg,32825
1734.jpg,32826
1735.jpg,32827
1736.jpg,32828
1737.jpg,32829
1738.jpg,32830
1739.jpg,32831
1740.jpg,32832
1741.jpg,32833
1742.jpg,32834
1743.jpg,32835
1744.jpg,32836
1745.jpg,32837
1746.jpg,32838
1747.jpg,32839
1748.jpg,32840
1749.jpg,32841
1750.jpg,32842
1751.jpg,32843
1752.jpg,32844
1753.jpg,32845
1754.jpg,32846
1755.jpg,32847
1756.jpg,32848
1757.jpg,32849
1758.jpg,32850
1759.jpg,32851
1760.jpg,32852
1761.jpg,32853
1762.jpg,32854
1763.jpg,32855
1764.jpg,32856
1765.jpg,32857
1766.jpg,32858
1767.jpg,32859
1768.jpg,32860
1769.jpg,32861
1770.jpg,32862
1771.jpg,32863
1772.jpg,32864
1773.jpg,32865
1774.jpg,32866
1775.jpg,32867
1776.jpg,32868
1777.jpg,32869
1778.jpg,32870
1779.jpg,32871
1780.jpg,32872
1781.jpg,32873
1782.jpg,32874
1783.jpg,32875
1784.jpg,32876
1785.jpg,32877
1786.jpg,32878
1787.jpg,32879
1788.jpg,32880
1789.jpg,32881
1790.jpg,32882
1791.jpg,32883
1792.jpg,32884
1793.jpg,32885
1794.jpg,32886
1795.jpg,32887
1796.jpg,32888
1797.jpg,32889
1798.jpg,32890
1799.jpg,32891
1800.jpg,32892
1801.jpg,32893
1802.jpg,32894
1803.jpg,32895
1804.jpg,32896
1805.jpg,32897
1806.jpg,32898
1807.jpg,32899
1808.jpg,32900
1809.jpg,32901
1810.jpg,32902
1811.jpg,32903
1812.jpg,32904
1813.jpg,32905
1814.jpg,32906
1815.jpg,32907
1816.jpg,32908
1817.jpg,32909
1818.jpg,32910
1819.jpg,32911
1820.jpg,32912
1821.jpg,32913
1822.jpg,32914
1823.jpg,32915
1824.jpg,32916
1825.jpg,32917
1826.jpg,32918
1827.jpg,32919
1828.jpg,32920
1829.jpg,32921
1830.jpg,32922
1831.jpg,32923
1832.jpg,32924
1833.jpg,32925
1834.jpg,32926
1835.jpg,32927
1836.jpg,32928
1837.jpg,32929
1838.jpg,32930
1839.jpg,32931
1840.jpg,32932
1841.jpg,32933
1842.jpg,32934
1843.jpg,32935
1844.jpg,32936
1845.jpg,32937
1846.jpg,32938
1847.jpg,32939
1848.jpg,32940
1849.jpg,32941
1850.jpg,32942
1851.jpg,32943
1852.jpg,32944
1853.jpg,32945
1854.jpg,32946
1855.jpg,32947
1856.jpg,32948
1857.jpg,32949
1858.jpg,32950
1859.jpg,32951
1860.jpg,32952
1861.jpg,32953
1862.jpg,32954
1863.jpg,32955
1864.jpg,32956
1865.jpg,32957
1866.jpg,32958
1867.jpg,32959
1868.jpg,32960
1869.jpg,32961
1870.jpg,32962
1871.jpg,32963
1872.jpg,32964
1873.jpg,32965
1874.jpg,32966
1875.jpg,32967
1876.jpg,32968
1877.jpg,32969
1878.jpg,32970
1879.jpg,32971
1880.jpg,32972
1881.jpg,32973
1882.jpg,32974
1883.jpg,32975
1884.jpg,32976
1885.jpg,32977
1886.jpg,32978
1887.jpg,32979
1888.jpg,32980
1889.jpg,32981
1890.jpg,32982
1891.jpg,32983
1892.jpg,32984
1893.jpg,32985
1894.jpg,32986
1895.jpg,32987
1896.jpg,32988
1897.jpg,32989
1898.jpg,32990
1899.jpg,32991
1900.jpg,32992
1901.jpg,32993
1902.jpg,32994
1903.jpg,32995
1904.jpg,32996
1905.jpg,32997
1906.jpg,32998
1907.jpg,32999
1908.jpg,33000
1909.jpg,33001
1910.jpg,33002
1911.jpg,33003
1912.jpg,33004
1913.jpg,33005
1914.jpg,33006
1915.jpg,33007
1916.jpg,33008
1917.jpg,33009
1918.jpg,33010
1919.jpg,33011
1920.jpg,33012
1921.jpg,33013
1922.jpg,33014
1923.jpg,33015
1924.jpg,33016
1925.jpg,33017
1926.jpg,33018
1927.jpg,33019
1928.jpg,33020
1929.jpg,33021
1930.jpg,33022
1931.jpg,33023
1932.jpg,33024
1933.jpg,33025
1934.jpg,33026
1935.jpg,33027
1936.jpg,33028
1937.jpg,33029
1938.jpg,33030
1939.jpg,33031
1940.jpg,33032
1941.jpg,33033
1942.jpg,33034
1943.jpg,33035
1944.jpg,33036
1945.jpg,33037
1946.jpg,33038
1947.jpg,33039
1948.jpg,33040
1949.jpg,33041
1950.jpg,33042
1951.jpg,33043
1952.jpg,33044
1953.jpg,33045
1954.jpg,33046
1955.jpg,33047
1956.jpg,33048
1957.jpg,33049
1958.jpg,33050
1959.jpg,33051
1960.jpg,33052
1961.jpg,33053
1962.jpg,33054
1963.jpg,33055
1964.jpg,33056
1965.jpg,33057
1966.jpg,33058
1967.jpg,33059
1968.jpg,33060
1969.jpg,33061
1970.jpg,33062
1971.jpg,33063
1972.jpg,33064
1973.jpg,33065
1974.jpg,33066
1975.jpg,33067
1976.jpg,33068
1977.jpg,33069
1978.jpg,33070
1979.jpg,33071
1980.jpg,33072
1981.jpg,33073
1982.jpg,33074
1983.jpg,33075
1984.jpg,33076
1985.jpg,33077
1986.jpg,33078
1987.jpg,33079
1988.jpg,33080
1989.jpg,33081
1990.jpg,33082
1991.jpg,33083
1992.jpg,33084
1993.jpg,33085
1994.jpg,33086
1995.jpg,33087
1996.jpg,33088
1997.jpg,33089
1998.jpg,33090
1999.jpg,33091
2000.jpg,33092
2001.jpg,33093
2002.jpg,33094
2003.jpg,33095
2004.jpg,33096
2005.jpg,33097
2006.jpg,33098
2007.jpg,33099
2008.jpg,33100
2009.jpg,33101
2010.jpg,33102
2011.jpg,33103
2012.jpg,33104
2013.jpg,33105
2014.jpg,33106
2015.jpg,33107
2016.jpg,33108
2017.jpg,33109
2018.jpg,33110
2019.jpg,33111
2020.jpg,33112
2021.jpg,33113
2022.jpg,33114
2023.jpg,33115
2024.jpg,33116
2025.jpg,33117
2026.jpg,33118
2027.jpg,33119
2028.jpg,33120
2029.jpg,33121
2030.jpg,33122
2031.jpg,33123
2032.jpg,33124
2033.jpg,33125
2034.jpg,33126
2035.jpg,33127
2036.jpg,33128
2037.jpg,33129
2038.jpg,33130
2039.jpg,33131
2040.jpg,33132
2041.jpg,33133
2042.jpg,33134
2043.jpg,33135
2044.jpg,33136
2045.jpg,33137
2046.jpg,33138
2047.jpg,33139
2048.jpg,33140
2049.jpg,33141
2050.jpg,33142
2051.jpg,33143
2052.jpg,33144
2053.jpg,33145
2054.jpg,33146
2055.jpg,33147
2056.jpg,33148
2057.jpg,33149
2058.jpg,33150
2059.jpg,33151
2060.jpg,33152
2061.jpg,33153
2062.jpg,33154
2063.jpg,33155
2064.jpg,33156
2065.jpg,33157
2066.jpg,33158
2067.jpg,33159
2068.jpg,33160
2069.jpg,33161
2070.jpg,33162
2071.jpg,33163
2072.jpg,33164
2073.jpg,33165
2074.jpg,33166
2075.jpg,33167
2076.jpg,33168
2077.jpg,33169
2078.jpg,33170
2079.jpg,33171
2080.jpg,33172
2081.jpg,33173
2082.jpg,33174
2083.jpg,33175
2084.jpg,33176
2085.jpg,33177
2086.jpg,33178
2087.jpg,33179
2088.jpg,33180
2089.jpg,33181
2090.jpg,33182
2091.jpg,33183
2092.jpg,33184
2093.jpg,33185
2094.jpg,33186
2095.jpg,33187
2096.jpg,33188
2097.jpg,33189
2098.jpg,33190
2099.jpg,33191
2100.jpg,33192
2101.jpg,33193
2102.jpg,33194
2103.jpg,33195
2104.jpg,33196
2105.jpg,33197
2106.jpg,33198
2107.jpg,33199
2108.jpg,33200
2109.jpg,33201
2110.jpg,33202
2111.jpg,33203
2112.jpg,33204
2113.jpg,33205
2114.jpg,33206
2115.jpg,33207
2116.jpg,33208
2117.jpg,33209
2118.jpg,33210
2119.jpg,33211
2120.jpg,33212
2121.jpg,33213
2122.jpg,33214
2123.jpg,33215
2124.jpg,33216
2125.jpg,33217
2126.jpg,33218
2127.jpg,33219
2128.jpg,33220
2129.jpg,33221
2130.jpg,33222
2131.jpg,33223
2132.jpg,33224
2133.jpg,33225
2134.jpg,33226
2135.jpg,33227
2136.jpg,33228
2137.jpg,33229
2138.jpg,33230
2139.jpg,33231
2140.jpg,33232
2141.jpg,33233
2142.jpg,33234
2143.jpg,33235
2144.jpg,33236
2145.jpg,33237
2146.jpg,33238
2147.jpg,33239
2148.jpg,33240
2149.jpg,33241
2150.jpg,33242
2151.jpg,33243
2152.jpg,33244
2153.jpg,33245
2154.jpg,33246
2155.jpg,33247
2156.jpg,33248
2157.jpg,33249
2158.jpg,33250
2159.jpg,33251
2160.jpg,33252
2161.jpg,33253
2162.jpg,33254
2163.jpg,33255
2164.jpg,33256
2165.jpg,33257
2166.jpg,33258
2167.jpg,33259
2168.jpg,33260
2169.jpg,33261
2170.jpg,33262
2171.jpg,33263
2172.jpg,33264
1111.jpg,33265
